vitplister vitplister
vintageozarks vintageozarks
patycosplay patycosplay
tlalocman el_tlalocman
fb55 felixboehm55
ryocoon ryocoon
redbrickcollective redbrickcollective
flipsideusa flipsideusa
itsjulio juliocpayan
renestrauss renestrauss
mishmania mishmania71
andreas-kuhlmann andreaskuhlmann
fmarano 449902985
chris-heath chrisheathbar
snowbroader snowbroader
bubatheflow bubatheflow
surfjade 214728989
mariomorgan mariomorgan
jcterminal jcterminal
nikkisnifftys nikkisnifftys
taradawn tarasview
freehacker_br pliniomatos
brianvanmeter brianvanmeter
jaydeep007 jaydeeplad
ciclicas mrciclica
pvw pvw_belgium
ermogenes 199190151
tforster tforster
kristyvpsychic kristyvpsychic
flyingfred0 flyingfred0
yellow_lab yellow_labrador
gaucho-photo slowbreath2010
hashimlokasher hashimlokasher
cdnallie gahooletree
jcmoffitt jcmoffitt
eduardodeleon killstead
brettcrook vylan
travelertc travelertc
visionefx visionefx
kerryflory kerryflory
fcndvenezuela fcnd
nn-dp nkaujntsuab
chane_kun chane_san
naoki naokisatoname
anxelica anxelica
carrieannefahs scaafahs93
zephyrarchangel zoho
brendoman brendoman
mad_giota giwtoula94
discojoan joan220
lidifaria lidifaria
larrydepalma depalmarealty
frequencytheater frequencytheater
selukas selukas
cigdemozkan cigdemozkan
tho_mae tho_mae
libusa libusha
bethesdabungalows bethesdabgreenbuilding
newmodernscience newmodernscience
jsharmaine jsharmaine
soma_stardust soma_stardust
rdg renatodigiorgio
bradnoir zombiebrad
culhwch thedimmick
jonathanschwartzattorneyatlaw jonathanschwartzattorney
johanrynell johan113
mtzion mahgreenjumper
coldsphinx coldsphinx
editor editor_b
aninhamichel aninhamichel
bleed dj_bleed
dayrona dayrona
sylvshanka sylvshanka
geneticdesigns lisaa610
xerovoltage xlobox
floridahalfbacks floridahalfbacks
philoking philoking
jolienoggle jolienoggle
linnae00 linnae00
nielsdonninger sexession
mariancurteanu blackcaudillo
biglance biglance_gk
retrophisch retrophisch
chipcouncil chip_council
mjo-art mjo-art
-thoughtstorms- thoughtstorms
artibise yuriartibise
atner atnerus
testipop paolodelfino
hawaiiankicks karateanimal
turistia turistia
danfuh danfuh
mitchbutler mitch_butler
outfitevents outfitevents
creationsbyjae bflyjamie
scottlaplant scottlaplant
keefedunn keefedunn
lillianwong lillianwong1
pascalfilippi pascalfilippi
melakatoday melakatoday
deiatsukino deiatsukino
chaffro chaffro
sujithms sujithms
zawmyolwin zawmyolwin
sas-fire-and-security-systems-glasgow 510286659
nesposit nicolasesposito
felipe-camila felipe_camila
ptarjan ptarjan
ultradown ultradown
junke1990 junke1990
ashiqe4u ashiqe
kenwedin kenwedin
atsevis atsevis
pureamber amber723
urlgrl urlgrl
brunoloren brunolorenzetti
clarkester dcatnrg
kill_a_lady kristsai
joshbrewer harrietdublin
patticorder patticorder
2008 handoko_ery
echolvd kamilblazejczak
bongobotrako bongobotrako
loupdargentonline loupdargentonline
damadolago1 vivianelopes
atrion atrion_darnay
earthquakepreparedness earthquakepreparedness
chuckkahn chuckkahn
dvazquez vokurosayshi
tulsainsuranceguy jimmyeubanks
oscarcuros oscarcurros
alexwhalen djalexwhalen
billnwmsu northwestwill
brianwhaley btw73
archmerc archmerc
raj4wildlife 525447700
mauromartini martinifloripa
yocifico yocifico
hisham-rana hrana
adammann themann42
januscloud januscloud
grotandthemob fejertomka
kreativess kreativess
akkaz akren_garkos
tibsfox gfoxes
nassoskappa nassoskappa
feliciaday feliciaday
gbgmentor1 gbgmentor1
aytacmestci 523584806
realuca realuca
simplehealthguide simplehealthguide
kathrynwelds kathrynwelds
aelswyth_a melantha_o
labanex labanex
johnbendever johnandcandacebendever
karima_khatib_mohamed karimakhatibmohamed
hetekcsoportja hetekcsoportja
avpme avpme
albertkenyaniinima albert_kenyani
hersonls hersonls
crosseye crosseye
finitefocus angryjonny
anaxim cpcs
majento majento
insaneninja InsaneNinja
di_tommy tommasosorchiotti
villamichelle2 villamichelleinns
waxtheband waxtheband
daniel-john-riedl djohnmusik
donjuan666 donjuan666
jammoatzart moatzart
mysilenteyes brandyoh
jreilly4261 jreilly4261
schellack schellack
stephanypoce stephanypoce
linwade talula2511
micha-schmidt schleiblick
markkeuter 407813058
jeremylichtman jeremylichtman
kevinwalunas itsthedeanslist
ellen_araujo ellenaraujo91
ennilaollem alinnemello
tiangreen tiangreen
squeekerd1 squeekphotography
jrpasolini 534182808
pepe_el_gallo_negro adrianrp
feliperocha feliperocha
leandromatos leandromatos
garnetglitter thegianna
xiian xiian
pablomariostrukelj pablomariostrukelj
rainsanmartin rainsanmartin
tiagonicastro tiagonicastro
bobbio bobbiophilly
chadsavage savagesinister
fortl 360667321
pmiddendorf 53635346
sonic1983 sonic1983
kimbyrleigha kimbyrleigha
dotben dotben
jonathonm desmiller
lincolnshedd lincolnshedd
mmsantillan monis1031
sethd8 sethd8
oscar1990 oskr1990
yannell yannellrodriguez
ghelly 475895444
mopri mopriland
rascalsink rascalsink
prudentialgr markbracerealtor
jameson42 jamesonrobert
seastorm seastorm
zeyzep zeynepm
brianskoog brianskoog
favewrites favecast
pereiradasilva pereiradasilva
archimedix archimedix
meg61 meg61inethernet
prztek tiagoperez
diagas diagas
sunny256 sunny256
zombieflickchick zombieflickchick
keifers knightrojen
rukus911 kris4jen
omeganautrecords omeganautrecords
alisondoyle x_bullet_theory_x
echobueno echobueno
saharamonkey gary_unsworth
candyinprogress candyinprogress
taghrirat taghrirat
nathantgross nathantgross
gasi follkommen
danieljohn theinjustice
yasuo110 yasuo110
otterfreak otterfreak
romuald ckkoshi
changrilafestas changrilafestas
dana_pants dana_pants
mr_photomatic mr_photomatic
zeroasterisk zeroasterisk
cahris merrycahris
mortfiles jimi_wikman
justinribeiro justinribeiro
busbeytheelder busbeytheelder
roni_deutch ronideutch
whatsthetimecode whatsthetimecode
starpadilla starpadilla
thedudeoforkut thedudedean
jbond jbond23
brutalentropy iamdanmarshall
murashkin myrashkin
ortwin_oberhauser ortwinoberhauser
laurenweyland laurenweyland
junksatellite alx_m
bryancrump neoquark
emilbjorklund emilbjorklund
iancahill iancahill
postmortem-lividity postmortem_lividity
kovshenin kovshenin
keenora keenora
klizo sashaandklizomusic
ironistkid ironistkid
dustintownsend dustinto
wiseleo wiseleo
adamahirsch adamahirsch
julialamphear julialamphear
danybelle11 danyel2005
jose_luizbs josebrandao
jamespotvin jamespotvin68
karelia_25 karelia_25
knbs123 networker21
alanchartock alanchartock
krasni krasnimeanzred
nuevo_maiombe templomayombe
zanzini andreazanzini
agraham208 agraham208
thechexican thechexican
kornfeind kornfeind
doorstop calvineet
johnlbevan johnlbevan
laisladencanta laisladencanta
davidsonpowell davidsonpowell
scpynkeal scpynkeal
twobarefeet tylerhilker
plog coltermac
natatree natatree
dustycrist indymajic
robsonmaiocchi robsonmaiocchi
tecnicle tecnicle
hellone hellone
cis158lechnerdebbie 494682596
obviouslybenhughes obviouslybenhughes
mroebuck mroebuck
andrewshuttleworth andrewshuttleworth
vikash3696 bikashjena
ducminhhotel ducminhhotel
katbi katharina_biber
billingram billisfun
byrnesy byrnesyliam
mustangconny mustangconny
omar2080 omar2080
thonk25 thonk25
jnode jglattfelder
lilaas lila_as
prezwebdesigns prezwebdesigns
aroldo666 aroldo666
angelasgrace angelagrace1
off_madison_ave offmadisonave
electricangel kristenneilson
xabiergonzalez xabiergonzalez
makochan coelhissima
_stefanie _stefanie
tommymanson everyoneeverywhere
brian-hancock brianhancockbrianhancock
megux3 524390313
linzistoppard linzistoppardviolinrocks
levonclark iamlevon
nikolay nkolev
jojoware jojoware
n-messa nairamessa
aviamon jaztrio
jazyfko jazyfko
jairconti jairconti
amandazig amandazig
looiss looiss
jaysin02 jaysin02
truax truaxpad
daviderickson deerickson
umphil ophilippealbuquerque
brentjacobsen brentljacobsen
rrhobbs rrhobbs_locationscout
monstarpr monstarpr
motorbikematt motorbikematt
jason_r_osborn jrosborn
rafamontoya rafamontoya
mandinha_bhz mandinha_bhz
yokoonoofficial officialyokoono
cjayasuriya cjayasuriya
winningman pete_thomas
vermontcam vermontcam
muellergirod orange-lounge
ralphpaglia ralphpaglia
justonwestern justonwestern
fabricio zuardi
fgoldoni fgoldoni
parparlotie parparlotie
angelabenton angelastars
brentragan brent_ragan
nswint nswint
thenetworkgirl thenetworkgirl
latinfranck latinfranck
rodpitts rodpitts
juanymanb juanymanb
chrissmari chrissmari
gumiller gustavomiller
mariamuir innocentvoicesuk
artesat artesat
vadbars vadbars
frankinferno frank_inferno
hot_pantx hot_pantx
haroldcabezas haroldcabezas
paulbalcerak paulbalcerak
stello stello
jonjohns65 jonjohns65
mikebeauchamp mbeauchamp
ricki_lage rickichaos
ramonsesma ramon.sesma
webhat webhat
rohren rohren
guythinks guysoffer
ankushkohli ankushkohli
chellebhaynes chellechanel
lyriquetragedy lyriquetragedy
jamestylertv jim_tyler
desutonny desutonny
alapoet alapoet
sivadonchaisiri javaboom
leandromaioral leandromaioral
shannon_anicas shannon_anicas
kristinmarshall kristinalise
glenng glenng
ztshia ztshia
peoplesworld peoplesweeklyworld
coreytess cinemascribe
chriseden christophereden
guxsalas guxsalas
rabbitrock rabbitrock
jason_r_osborn jrosborn
icedric icedric
nopryingeyes lozace
mikeymushi mikeymushi
anaszui anasui
zssz zsomborszabo
hakarune kumsumyunggai
carsonvalleynevada carsonvalleynevada
djryanspin djryanspin
yogeshgautam gautamyogesh
toshixvuk toshi_estyle
fuzzytek 313fad
fox_mulder_cp fox_mulder_cp
spaceeeboy spaceeeboy
kimberanna kimberanna2001
hackmanj hackmanj
zach382 zach382
godsent247 godsent247
giovacappo giovacappo
erick-pardus bluesmanerick
freddiearomerop freddiearomerop
paco_barranco pacobarranco
bfreshphotography bfreshphotography
metalsays metalsays
dillingermedia mdillinger
renatosiqueira renatosiqueiras
dustyschaller dustyschaller
romanouni romanou
gregharbin gregoryharbin
suegmacedo suegmacedo
multemusic rmsylte
abdonjesusbp abdonjesusbp
mseguraverdu mseguraverdu
stephanieleary stephanieleary
cwpitcher skysong74
sexyarmpit thesexyarmpit
katspurr gothicgamergirlie
migunov twittera
michaellutz michaellutz.com
jaenarae fortuity
antoineloup aloup
traveldebi traveldebi
maiquelleonel refusethrash
pka13 434219085
denzuko denzuko
bhojaraju_gunjal bhojarajug
rahsheen microrahsheen
vbcollins vcollins
terrycrosby sunglassenvy
morknudsen morknudsen
mcpongolstein vivalahiphop
ernie_cordell serve_bottle
letmestaywithyou 522031629
coachalisauski jasonalisauski
allwebdeals allwebdeals
alexgomesbr alexgomesbr